<ns0:Data_Domestic_SALESDOC_SALES_CREATE xmlns:ns0="http://DMS_Transaction.Schema_SPARE_PO_DMS_XML"><NewDataSet><SparePO_Header xmlns:xsi="http://www.w3.org/2001/XMLSchema-instance"><DOC_TYPE>Y92</DOC_TYPE><SALES_ORG>400</SALES_ORG><DISTR_CHAN>92</DISTR_CHAN><DIVISION>01</DIVISION><PURCH_NO>1651A6099</PURCH_NO><PURCH_DATE>20161026</PURCH_DATE><DEALER_CODE>D016514</DEALER_CODE><PLANT_CODE>4096</PLANT_CODE><CHASSIS></CHASSIS><MODEL></MODEL></SparePO_Header><SparePO_Details xmlns:xsi="http://www.w3.org/2001/XMLSchema-instance"><MATERIAL>64.04101-9999</MATERIAL><TARGET_QTY>2</TARGET_QTY><TARGET_QU>SET</TARGET_QU><CABIN_CLR></CABIN_CLR></SparePO_Details></NewDataSet></ns0:Data_Domestic_SALESDOC_SALES_CREATE>