﻿<?xml version="1.0" encoding="utf-8"?><ZSD_SPD_PO_DTOSResponse xmlns="http://Microsoft.LobServices.Sap/2007/03/Rfc/"><LT_HEAD><ZSDPORDSTRH xmlns="http://Microsoft.LobServices.Sap/2007/03/Types/Rfc/"><DOC_TYPE>Y92</DOC_TYPE><SALES_ORD>400</SALES_ORD><DISTR_CHAN>92</DISTR_CHAN><DIVISION>01</DIVISION><PURCH_NO>1651LSMO6099</PURCH_NO><PURCH_DATE>20161026</PURCH_DATE><DEALER_CODE>D016514</DEALER_CODE><PLANT_CODE>4096</PLANT_CODE><CHASSIS></CHASSIS><MODEL></MODEL><RETURNMSG>Duplicate DMS Order, please check with DMS</RETURNMSG></ZSDPORDSTRH></LT_HEAD><LT_ITEM><ZSDPORDSTRI xmlns="http://Microsoft.LobServices.Sap/2007/03/Types/Rfc/"><MATERIAL>64.01114-0124</MATERIAL><TARGET_QTY>2.000</TARGET_QTY><TARGET_QU>EA</TARGET_QU><CABIN_CLR></CABIN_CLR></ZSDPORDSTRI></LT_ITEM></ZSD_SPD_PO_DTOSResponse>